rainfall,temperature,seismic_activity,wind_speed,disaster_type
381.55122791071364,28.207489293104288,2.1407380807292546,18.23688490083087,0
332.7696504578122,21.72828166373342,0.0,21.291417991240642,0
417.1904854075631,27.106383065047822,0.14365669813572307,29.52757526543231,0
468.7680491359379,23.08304517751643,0.0,8.116708453866817,0
358.55299704081256,24.710272809702893,1.2682480211450677,4.983276796040224,0
418.8975770986602,17.722219038979624,0.8812415302942026,6.393300468321759,0
385.44218350224224,26.986211846753356,0.8374014613586427,20.165346827492925,0
409.7237697386499,22.052141061487607,2.1147212305326692,3.2804447921049915,0
311.0607000642587,28.89410321404712,2.7458252135513628,27.6597639813253,0
361.7130212842748,20.483954335034742,2.007514875147491,12.742581816594544,0
323.9245286188813,26.924522112924578,0.0,26.79374761153948,0
349.67616168026655,25.201276389021974,0.5967144618259247,16.91727873382426,0
404.61332556517203,18.76293811876947,3.0017223171078657,20.601988130594112,0
490.94101927126263,28.627011265225498,1.4116242718542757,28.053718481180443,0
311.11284081065094,20.99148072169398,0.011293796560055261,8.615441678425652,0
381.61559750711376,20.780997678232453,2.187660339486017,6.741119470592585,0
351.1758168428425,25.0762039197851,0.5876776308113658,25.078355646800386,0
311.147952549189,30.85188066049874,2.8571633376699186,5.171547025391424,0
293.7704974716421,28.13603716141271,1.7300956367018518,21.399140555895496,0
451.74705860276094,21.35440866271338,0.519491640763547,0.0,0
477.4972474675086,29.859796665306426,0.9552280089529274,6.680951611869121,0
364.7746047853522,22.566075497152344,2.19352787380152,21.75686669981474,0
482.3346590754055,25.278846520908832,0.4243805298420944,24.289811269205785,0
454.76772245304915,24.594345250496694,2.1790053852933795,13.897533783606676,0
399.02821673374694,22.58269074381155,0.016065590584656023,0.0,0
304.6318910157091,25.194288805802266,1.0533210663911607,21.115872882409615,0
477.61229913963126,21.535405148445374,1.543278036900341,22.483241632273856,0
352.4125076185197,21.48875069338218,0.2827397276458192,2.5902392295599714,0
479.95558723638305,32.77935536904569,1.7895294378218316,27.394222429080873,0
465.2029038267685,20.433613716308678,2.741819633652252,19.681629621479413,0
465.95280038335636,28.127662388004005,0.6786175935323708,3.2324060675739044,0
354.7351335169688,24.144831860040068,2.973395187297669,29.657643001508426,0
299.34199314309063,25.899070723195152,1.061610045377716,9.912234129672512,0
327.53468426463735,23.90325333794585,2.8163413056353725,6.466944398416482,0
415.16638353136744,29.59838117684801,1.2576954361905692,27.13209216465039,0
489.4012506037538,17.665038817183227,1.314360081036588,11.898960784342393,0
349.29289763783174,15.595009733153983,1.2747210875983654,6.942533005434532,0
300.89570008045905,21.794708298345814,2.596201299825001,6.7384896405142065,0
332.5425345625513,27.08912797786305,3.265783529109914,2.969164540470997,0
425.01135844088276,24.484900090075985,0.6118440939416574,20.416829054055214,0
371.695031279161,20.307793626548282,1.6466588418449906,15.176780255155144,0
320.2445199460764,29.495383768330797,1.240041857766024,4.520822178273103,0
309.08090599510234,26.396243879287848,1.9334606167199313,0.0,0
404.54583598077704,20.08454093838052,1.7824701271332843,1.9395619212633006,0
439.29899689949747,21.896274261563512,2.8550267931091966,11.001362124835856,0
374.60759927661866,19.19524777313654,3.005305917721324,31.92256661391348,0
346.82674363933717,26.82091109528967,3.1661806601234113,13.16982688721502,0
402.54513997890865,21.1658923566385,0.5274791357149246,31.662822992510506,0
476.22031420631197,27.31914241068372,1.3650413630626053,9.277890766961269,0
449.34209483336093,23.26184927371699,2.509469413098995,23.783828795723846,0
432.90832217283287,19.12769591969489,0.1771257104929984,26.76680377612163,0
423.5419385285105,17.839862594344194,0.3231140334838332,17.925807149479777,0
306.9297851036934,21.095399157430002,1.6783523426776372,23.708412961599237,0
424.50204756363826,21.16659757762532,1.8129838416332285,7.495132216633975,0
373.41606018960925,29.060601610971773,1.89631033817044,24.047048045167614,0
439.1387715686299,21.9644124900346,0.4008195840000167,7.117705760381588,0
356.7185835225738,22.53087938645234,3.0271496827627606,9.11214669884545,0
487.318305579278,27.42805910639604,2.5357202666402268,10.154972446349472,0
407.0976608868829,28.63847181131255,0.6730183824353664,21.710234103090666,0
353.5322318068579,19.27962772212759,1.7843142899404867,1.7233236053582814,0
484.41519956717315,30.188202978730907,2.5904229826666927,10.308079470107707,0
306.6987199245602,25.675460040752522,0.9248670255537802,33.1099501321412,0
487.47329171983984,23.746182146047556,1.4187791879642855,15.150830576822514,0
474.0148100500588,24.858768803126175,0.5125133494440653,16.60720719144265,0
494.08363555213975,26.949177379453587,1.6427275935296393,2.6540406346936063,0
426.4774598402539,32.25756388063948,0.1416144212738345,21.189513219175126,0
476.89336950389855,24.660880399602544,2.971744593684137,22.63679088068941,0
366.9588635394473,23.97572272170244,2.106085056768672,23.31998246074585,0
469.18020888539394,32.87004120665242,1.4053728189009913,10.767434489254633,0
465.90713031983836,27.339050524492183,2.230651682658928,25.05539973757726,0
481.8978133830399,23.933114579697456,1.3068127476431155,5.307429512974657,0
415.4609306023471,20.37653489961612,1.6841736709620856,14.384384467686367,0
355.2187026968274,22.76656969143828,0.6337833021479272,1.99405392789053,0
454.3910727663748,26.313052285533328,0.5330288345938681,14.576577916899044,0
448.6444485262999,20.936494995358302,1.5518621874670007,2.008326752216032,0
319.89343966942016,26.32251282844751,1.5448218272937853,11.659430872259202,0
438.81598888952,26.63245218148284,1.6412507566577514,9.023349977088973,0
459.98463805984613,20.349403183605183,1.9373820745686554,5.261799347492142,0
310.1073685490675,32.49665894522372,2.0885987180093286,18.985018516111264,0
375.5159755428425,21.03833862279277,0.8300840795808264,7.664866049583809,0
410.7688853151295,30.052510179085715,2.0345664410171187,6.130164788302523,0
495.66263382019207,27.22250784884065,1.9144113181030464,19.432947415908885,0
383.98250909509426,18.79351434909586,1.0373196209630051,22.085813721322552,0
317.220713004285,22.944861604532605,0.0,0.0,0
462.74912050781046,25.85679395828902,1.6477833210823751,6.932679222525428,0
403.6168176727859,26.132095334839743,0.7159349178617319,15.802345517735835,0
378.83693819249237,26.208922715602327,2.196898042324848,0.0,0
378.7821236994776,23.172362701256624,1.5054173851266726,27.188060163903,0
433.94526208228524,21.957933801555434,0.03175963520533473,20.88481435465061,0
301.6364811227744,30.25020209704023,2.3530546257677205,19.191129041309896,0
378.7789672036011,27.41885510145245,1.6205706519163718,11.285735991492816,0
479.0034544983136,23.745990871996817,3.0107385362049386,30.180338881779797,0
342.17446446071625,22.84429981266545,0.012599214273092185,0.0,0
320.3793844811383,27.251404664569794,0.05199384339169971,8.495785108489038,0
472.1683630371065,20.65178781788385,2.3033778041813755,16.3692884999826,0
328.923557149767,24.784121309323304,1.4419332107449265,27.229780547974624,0
448.8523079618257,28.50250535542768,0.6007989987323794,4.164218887050158,0
450.863397427163,30.13923422550653,2.6313663189601137,5.762647189075077,0
369.9982754752502,26.092005303219917,0.8986669171926726,32.09201216994601,0
468.1214465503571,27.13893191624408,2.0310039538756235,18.60065721011466,0
326.5584468680732,28.842117018505416,1.027655641083547,21.783407272733736,0
371.19159723465225,27.179693261884925,1.7743821053733337,0.0,0
479.8858431022924,22.908130921701822,1.333703132080014,32.75109438662503,0
490.3514431237776,25.160790409756324,1.661805810053402,15.77308561934687,0
354.11908246464407,24.805675228671372,2.099281787227198,22.09772335360962,0
464.1795929715069,27.312664163428465,0.3988578360924596,15.757485331993907,0
314.8388361217878,25.37563653617755,1.6819172605521742,24.829968404135673,0
379.8890896927345,22.15779057294464,0.18339353816048398,23.26428002022022,0
419.2519972773535,21.593020876407916,0.5799524535397201,21.24908417810801,0
312.66256177774767,24.227537032000086,1.954355090207408,5.346773106301053,0
318.1247724296663,27.62390830482297,0.7220536660177771,14.020798779323576,0
465.79236114012934,31.331305743420216,3.1752441592629617,24.083277704385182,0
374.173578918445,20.570733989183594,2.7186682750190387,15.665084819435846,0
380.4795963971267,28.016081245404518,1.1099651389776595,17.004220011896155,0
306.67776659810164,21.969458389426315,0.0,3.2886320894330177,0
327.11092616814886,24.33263037860894,2.4478105433205064,14.255319846775391,0
487.8531391920897,19.705108515313146,0.7341958857075223,24.848110469950992,0
351.496381709418,29.429663957003047,0.2714710372266584,29.349945752582144,0
314.4829759360983,27.714555975818616,1.1419564618895244,32.51959123457324,0
315.43079543331874,23.60536706204258,2.5290766741477273,15.142350808633005,0
426.27771693893266,26.82124003951027,1.1308607473533745,15.199146268803084,0
419.63315124019954,29.739521366615364,0.16002835472479895,8.599120737657367,0
485.77378146403044,33.08903370332905,1.1746458783956322,18.94434605421576,0
355.626393992047,18.857444758111185,1.5888115179939724,11.158079727489845,0
405.9693046471285,23.096108456250892,3.231252808475874,32.34593688225138,0
444.0146210314637,27.30716678547135,1.10845611123259,27.470620311478157,0
429.1387683985666,20.06798391469551,3.218417845379788,22.89348467055007,0
497.4770818005298,27.663666993055664,1.9649935766439726,10.698860714571737,0
484.8950962009704,27.745372396328854,0.0,0.0,0
374.234338465954,28.476910468655806,3.3708413420063352,6.608953743947275,0
415.6874735400045,26.827170593119316,2.7281963227620105,29.610028019084407,0
466.2255465726172,25.898144063212328,1.5175840569186665,7.256966374194416,0
318.3677560559256,29.664440509017414,2.9108232923567643,29.267238504408937,0
486.88832413210565,24.69369841611699,2.4439686487606513,32.74331956716977,0
476.3143050659233,19.505367687583306,0.9027847619808855,5.391456014189872,0
492.500322857253,25.644809923427985,0.41046476655745073,21.45972764657887,0
417.59053985229303,25.994843490056233,0.7374961166644277,16.574446349862807,0
398.68497821551244,24.6688482041771,1.5097536976431352,27.60162921739446,0
418.7633328909381,23.499200979000474,2.653832868457685,9.317076964842636,0
322.0755112904145,20.540362235601524,2.49305909186994,15.207225982799065,0
435.0492010668649,20.160332045394583,0.6180112853844063,0.0,0
375.80408447314306,24.314129974315904,1.2603720790148354,11.3668694903658,0
482.52450328017926,22.63535750677665,1.4793679561132926,22.844791299079176,0
374.61892858157205,23.489632193898434,2.4932905925205286,24.16267380615451,0
330.49782106283067,27.317632559182208,1.7337185268260176,10.623780568371767,0
386.6983878294509,31.20718158642939,1.6439251412989466,13.245607192174534,0
432.18427785545816,19.786716623320004,0.15039998414065486,0.0,0
330.91602261592016,18.32328266613327,0.7411152118461726,22.161615761096087,0
339.0360478739387,22.196622874170842,2.6516549951791006,11.787263318421292,0
435.3198530104405,23.18710971703599,0.32136840412569434,3.796985098942724,0
342.5929532387698,22.392059774325805,0.303340243159237,2.455736534712422,0
324.12560585706126,23.67862552409602,0.3253789043244477,11.014422523685258,0
394.77408354386733,26.992665881324868,0.03621341454219065,23.427019019007624,0
427.8274474623431,17.326175453769416,2.9908531558211897,31.262559628654856,0
322.6458272186583,23.758187789022102,2.1770752850700315,18.729026673934666,0
331.8304064053462,22.86036329617439,1.167959036679577,16.359210571935666,0
421.84364047258924,22.87051944750628,1.1905973447112197,25.728118638681345,0
309.41887076862685,24.53621846703304,2.061956045272226,29.005225372237213,0
402.06596417810454,23.06614265474708,0.0,20.396467747673892,0
401.61193538911806,24.680523022854437,0.7415682241011816,9.731684604964583,0
309.62352883669763,23.529778987022283,0.5762324070481453,12.696835033118033,0
335.5526299739365,28.232167627642603,1.9428637438728547,20.054797668310428,0
458.8149050165872,24.94467471855395,0.32774513823888224,19.813414483614444,0
412.84788215549577,27.239865210221417,0.9354610012034246,3.8043420967028045,0
349.0103785344775,26.071388756821783,2.2630111972078666,15.959721794479949,0
372.50922508567515,27.71179423298777,1.8804153701372601,11.03502036369472,0
325.875881240662,20.003552913550124,0.7973912403067704,3.34575538072988,0
339.68924354273804,24.92355747108343,0.5173660798687227,22.66478546209109,0
316.0347299277342,24.054044025334825,1.0758632468023186,27.920817857736704,0
319.46142217466394,25.779622145120598,2.9737520017507246,27.822312616585005,0
457.95359602626553,25.97790023646682,0.6553392929487722,24.235412852494207,0
490.0489544571416,24.764038876256034,1.190769361006033,8.732760935698062,0
458.4674447453153,23.233162138725845,0.8094094580089023,16.717684360194582,0
393.79342680343734,20.116712761471085,0.2680263830965338,14.244076508816196,0
365.67530553895455,27.32184881036174,0.5399393275308904,13.104412661190814,0
409.3882426147872,20.917083340197802,1.3678061363598994,3.1667149567069237,0
319.6729673202825,30.845678888219883,0.7355392905451342,23.952555093221484,0
344.2174922103272,25.523883078168502,2.131295025623707,18.121445382985918,0
387.4861169329545,20.79624231033834,0.892844566435021,29.95860719961135,0
465.3790350087093,30.65677323616414,0.13243339342527172,20.591603741597858,0
490.18201349868355,17.685524356697695,0.09533285356665375,22.650705539561148,0
423.8764267506172,27.78358678309765,0.6505577958752599,23.72265068482455,0
343.8558585786246,23.518923161496982,0.17664674518367512,21.659571895268012,0
431.8260377551798,25.614449719437264,1.2048357709163786,25.975016157148943,0
373.35717544619763,32.0626796842954,0.8068340567051547,10.877354293055872,0
398.68595999751705,25.063997046804968,2.0744267415960915,14.586370007765236,0
341.61901190060985,27.68794895609453,1.0528268740542384,16.40186420316401,0
489.436764966771,26.2970067188428,0.8531520239993117,28.42198433024441,0
424.119687366251,23.254314741481988,0.3353755265643554,22.523870140786887,0
431.96746154879196,22.170257393070962,2.021304707117597,27.47606053864972,0
333.7296323968466,21.236422844986777,0.14580074738502224,18.80994688957126,0
306.0215094999436,24.577375034753445,2.297584933126076,24.140058777442796,0
365.8193678840509,24.140132041008258,0.5160264676025943,33.733459624706214,0
323.7931930796661,24.06785984210696,2.504522854626837,1.3835487554955241,0
347.99186250840444,26.72438199462458,2.21038064137852,15.173164962429642,0
439.1754713745086,22.081456630852813,1.1040750559725583,12.574310040121237,0
333.35048631994164,29.892931343890947,1.588298018077222,5.794182941587575,0
391.5730036772384,30.904578885500072,0.7285273761562882,16.881073230586598,0
401.5706209254889,26.568611312076257,0.0,32.60119204355401,0
475.77998602464845,25.00319548547415,1.818468121749257,23.040173668858667,0
443.7385674366232,22.708274732646323,1.1867526620208948,12.255557934269536,0
379.92752813689316,28.72488307720061,2.720647454106107,23.269511781330195,0
384.4012122647977,21.74718759784693,2.940645231707101,27.86202129841898,0
316.4958145050998,27.5591943253042,2.6439195338543406,18.9394718737396,0
409.28562465964643,24.543228569723663,0.18284992233223457,8.518150858441501,0
453.7934522040408,22.437281531696986,0.7222315158299142,13.994698019731507,0
403.93401579943213,28.005298046904144,0.981965729773919,14.579362039422799,0
457.26654530958257,28.718058087162934,0.2245804682382213,18.93522472727028,0
325.54200569648395,20.712607997091464,1.9040720107581144,11.828757641596892,0
483.8579307449602,23.688753017846604,1.65067722896473,12.06351348457595,0
304.6212982501984,25.290402528154434,0.3874420648961469,26.369472756854595,0
330.38787148170184,24.59278290911076,0.7327311027691564,28.625814970572648,0
400.0517847626185,22.469406787929884,0.0,21.721997722240165,0
336.00464980112093,27.888459296773693,0.2777427872364308,5.157053416883839,0
314.564571311015,22.53642705040286,1.3656573023272798,5.3279429766425785,0
464.1415065571915,24.803565043264857,1.5528093934728955,17.04616768820959,0
371.73931870445176,27.58529806409999,0.5952102266834167,4.942822953083784,0
467.23698124827155,30.75316699556543,1.341830589274609,11.417794822462069,0
427.4008569359181,19.34402298926318,0.8477576622295252,5.757562020878979,0
438.37175679492856,30.673378724957274,0.0,6.852682776576199,0
348.7447870848936,27.30948731722902,0.24175229000041754,5.8428899308671065,0
456.3418560626048,20.232448339557337,1.791099151783955,7.3622395761155435,0
330.713558890902,22.745977747976422,1.9908762509003455,31.84432757448186,0
471.99671588511626,24.324214941189933,1.8183237712357754,1.834295362090951,0
359.69241620536377,27.629660751308073,0.0,1.019743228357989,0
346.71218234580414,20.66115537342235,1.0496637556504274,17.111690138228916,0
389.8144122402862,27.711772535529136,2.705019883319493,11.57287862231025,0
349.0649492459673,22.988200096292626,1.7778436211116357,11.845790685995555,0
420.748695347117,22.721558250402236,2.0614462683020407,13.010600172351031,0
359.28386722323177,26.61919049014226,1.83705869288962,0.0,0
478.00177580207225,25.165984922925904,2.2844451412829962,26.523199367784468,0
385.7380028871138,21.39529195623385,0.1526417584964319,18.5139027382519,0
418.8106615542745,23.608644046484766,0.20824386018148613,19.222331125840757,0
492.86631392095626,26.896752328297328,0.5635474155563364,8.15780739456867,0
303.30827099152145,29.791668485634727,0.38411082205012365,12.525068773386714,0
354.432716115812,24.476329028724127,1.9990637383735568,22.89830081870986,0
351.14696523606966,21.789286015447185,0.0,24.292132474554755,0
467.8480758005081,23.259095942019215,2.0424970040851664,22.37889433111362,0
337.6022019338693,27.34277669422464,1.3281998301479185,11.844646370001476,0
411.22910659820894,18.541259524904063,0.7187663907080377,18.28423549052303,0
327.9169823121393,28.1916332129425,0.16821867576694738,14.319066310131323,0
355.71676023822016,25.44230419292964,2.2505849731920735,4.612233996910009,0
415.7380753229804,25.735114496080985,1.6346839241126863,29.095233551155573,0
449.36322122804336,24.29326351633116,0.0,5.425889321120085,0
419.9929947978174,18.755692570018528,1.649408211194624,16.808254219915117,0
366.35455215719566,28.40631227718018,0.34712284127808934,3.7669456961894148,0
447.8176281882209,24.704564305295655,1.8097451953494126,14.609168355290974,0
336.6191762217229,29.884787384511824,2.400129583762263,24.851801346300686,0
357.8393748963057,25.671858203586474,0.6234610962469875,2.500701100784665,0
484.0936046107584,20.59830053236945,3.1957922802318963,14.299525777628695,0
17.40091839997064,26.919835984689144,9.55725230178035,20.65353462507386,1
90.89042576474276,29.92800566859681,9.412394676830155,26.021839194827972,1
21.592130791965833,23.451808883169203,7.505668819329994,30.948498383924946,1
92.39055402333618,15.666384884665366,8.95965272102509,27.462519980106848,1
28.015301023757026,24.242023343769283,9.517208856772772,0.0,1
65.58172020043472,15.950858112465136,10.0,30.126160043953718,1
91.6760724966607,24.885203595976733,9.373298605769397,26.430166388118483,1
31.174920207171315,32.79612019552281,7.30440153387103,15.84757592541774,1
27.204556139418052,17.93547133371903,7.11612388558684,17.03550216812665,1
35.02650891357318,25.596211995066497,6.603280032429341,13.886347586430205,1
47.48600250177241,30.112764436626325,7.78516328846027,20.25107782579348,1
85.93693200798276,22.880568243543927,7.345145959952047,0.04478035393101154,1
83.97311522403193,18.164790432316114,9.634275835157299,12.457015371373899,1
93.52066462517439,28.803555551237135,9.636680010897665,8.055909978287268,1
78.84804718626184,25.549425491104635,8.71741939112611,22.732935086909798,1
89.45874019807374,36.573408671354194,9.277497483487645,12.945989287624151,1
33.25564145746501,27.950465326705707,7.663052638877286,1.6624621929397199,1
40.78192070188194,18.479209930546148,8.085692002704246,8.537300225171267,1
5.472163193619306,16.058219127440953,10.0,10.389999449736898,1
45.355324953937696,26.904297579495257,7.648732038064297,33.001364609347895,1
80.85549307800856,16.993189330561606,8.021382237489998,30.431950831555117,1
99.97981701781984,23.382375043383558,8.308043282798483,3.6112961691539267,1
101.44958917094829,16.071117198737603,9.622380395294824,17.603388728678475,1
67.50480826889965,20.792834182081254,7.506845761158887,0.0,1
24.65987408710643,19.182133739874285,9.37087065659795,6.059015460347799,1
5.294691424125117,33.25893711015498,9.547813590548868,23.81415917098312,1
110.85295586687793,17.37172535056148,8.395105948323405,23.152725294084895,1
74.04724741677869,19.469645804984673,9.263604393590647,5.754516041775741,1
25.250483587284375,28.08637301113316,8.761707454469228,13.366579772888612,1
2.7671616570838076,32.00412780988399,8.151996360725185,3.0419555110904533,1
82.43326989958004,33.43183255077535,9.688930415982842,25.80149368468839,1
66.98777547461144,27.017433478410556,7.242949017227661,13.837114441867723,1
37.9964576900726,17.481204535807375,8.989677008485202,9.17726120978648,1
5.034008765723213,19.84997014849162,8.859806871964294,1.8991353432575129,1
85.82560490293716,26.006702483923792,8.18657575609436,13.622211208870697,1
90.41123123273289,23.31664457487912,8.87174639794232,19.677145011294552,1
30.179839389693623,28.69909432209823,9.61897781644408,22.10599428881326,1
79.3531303606605,30.823173479578166,9.058522448757424,22.416318171936787,1
69.18960203121364,26.846288929559073,8.450902213831183,20.283363579528036,1
11.835678125044565,32.817189092796994,10.0,0.0,1
80.64317547443346,18.538886509004872,8.101346120120974,15.546867504554214,1
14.007911276682606,34.352761297273204,9.074319513719276,16.231936533146815,1
0.0,19.75083170276211,8.718226076954979,28.617051701802314,1
56.90567584179986,19.200926624664767,8.93528302414736,19.110086639179244,1
77.34626610752342,19.43895681429666,9.794461335495296,12.942769706395651,1
93.49616220166291,22.430597197834334,8.565431941924183,26.103474320550728,1
0.0,36.27987276710497,9.356469382709223,0.0,1
40.36121681718994,29.740897778925305,7.6218977324980175,14.452242114805438,1
40.032153966379035,25.104077117922998,6.948629809915167,22.600158196366632,1
95.46739329311471,31.711300396158222,9.165701409570705,6.890508240458296,1
75.92041484160525,12.388713831058173,6.755477880374861,7.61352102823206,1
43.006047303878766,31.73225202567281,8.988847787495425,13.74960824553629,1
35.841281017220915,37.31968364932823,8.26756691440504,12.399320518304851,1
25.848825593032473,34.59491525777135,9.278941676769177,2.814692585624373,1
9.021573202816892,30.29619670614074,9.290588684149538,7.692884540431352,1
100.20400944596776,20.346834990687977,8.072575583741312,30.10578760061875,1
42.849165587281846,26.61048628797434,7.602585674620585,4.603177892830043,1
91.71413760160317,20.873848492813146,9.67592417725453,9.325976548926722,1
19.25135355769004,17.322840322525334,9.043061735118247,8.506627547279745,1
87.09546481782348,25.299559638309944,9.979405590049678,4.1168136928751125,1
84.58957820184386,30.746825804516618,9.214763559679442,26.93554621253677,1
75.0091327071247,28.299149393894286,7.431160262946343,0.0,1
91.62778699402311,27.979377255331173,9.844245315434204,14.5583951233841,1
11.326426406912141,20.07134956375813,9.171216112375667,11.965104360619604,1
20.31376512252109,27.42186210446265,7.080616283724477,17.84724607754342,1
21.596315111526764,32.03962271742446,7.781026531641922,6.514387155883545,1
0.0,18.14054350101703,8.126524961916735,8.909119595889457,1
53.579133483430525,21.861376679035615,9.57596764692882,27.651572933816652,1
82.87417663776598,14.870037042897906,8.386530628915628,6.259449569492396,1
13.676266877051123,36.24638121516921,7.421548325348327,12.235184492946118,1
67.58352514839655,26.260309273163553,8.534251979179851,0.0,1
39.5778778107134,27.462015972285997,7.59329450466709,11.402965694982328,1
1.8094079442235493,14.182524063568344,8.77872100502819,6.061125426267923,1
43.73839938701933,29.36090595633478,9.536944012156665,0.0,1
14.941705416070524,15.401048889835687,8.934122619766539,18.5361510536719,1
2.8376936761201073,34.831022891022656,7.166948700906688,15.24115191948249,1
65.85306084544708,32.35153202306589,8.42696875976156,26.161263083801902,1
31.368927285239394,28.10699035860358,7.463889798439471,34.33979113298032,1
62.41021360969038,32.18735466128683,8.397204778353652,18.623313675466594,1
55.96490190512003,28.475948881441216,7.373392561289987,0.0,1
20.087502829124144,19.953187043890505,9.401912041551494,7.783223852345224,1
89.59852973393598,21.74056721289095,7.43101668337297,27.653942582896505,1
64.23569096203876,25.754756299838856,8.542783171861942,21.900095711106417,1
21.778190236377682,33.01154041110441,10.0,16.789824954945228,1
22.435241029731095,27.425900385771104,7.102967275956599,3.793556890614239,1
23.091705288283073,23.335181862584157,10.0,23.805708948484543,1
76.82814999680741,25.22327164944662,8.1670637033454,8.052920356951207,1
108.44072657390693,19.156938003860628,9.218389690368625,18.504539109774825,1
47.93904703118036,27.89480970481698,8.421442936298522,29.194493845426436,1
89.829743864472,25.588114826784466,7.63498085505823,21.316179985477547,1
90.32058220640262,14.873888944661926,8.210585009744442,18.74745967684725,1
71.52793657062874,15.242974900360618,9.627316176080402,26.196737281431275,1
23.871515449284917,17.833309586104004,10.0,9.11113004752848,1
82.3019421072014,22.140539750079252,7.901655418579325,22.492015529232688,1
44.75663904526646,22.129170299018643,8.127321206289208,19.104263415810838,1
16.608376767907703,23.64762855731081,9.49363169639813,3.6339230989405387,1
63.16474549007156,21.075665889038174,9.175334235193171,7.122338638329303,1
90.11977676843397,24.834601622883003,7.960685622474596,1.4307658730668953,1
18.590663026842414,26.77642434336338,7.695643520359107,28.672250683420692,1
42.783732506903675,20.505519438097668,8.091904164936846,22.677554775629957,1
19.205393137277838,19.6679106780671,7.041882478466351,18.422399761783424,1
63.71245122998468,24.353552942511737,9.48998408069933,28.443987784733324,1
64.63954293374046,29.99143883365369,7.658192655034718,8.011324381215024,1
22.59109224563974,18.25736548342789,8.812064177057458,30.745030246646493,1
12.494555486940428,16.263974014638283,8.547878828519668,25.731486930728487,1
22.877427948533743,23.273503576242994,7.202349518724353,3.532254165790439,1
100.83686261866914,33.94653817711212,7.373479359229242,28.990635214914448,1
66.28914719418316,30.532744051807416,7.908528632657582,13.356749659383206,1
44.90687268598761,27.502424386943222,7.570328308612156,5.976247413569953,1
32.91496384842415,29.781723097859867,7.793521865369928,20.63595241492563,1
103.38879795952784,17.57469779428062,8.645937668851307,5.202462437815063,1
75.73013124098021,16.74733565609646,8.627016674073777,26.16152612771197,1
96.9751459848564,27.68954981989543,8.267741654082602,17.490945015584472,1
74.42414434622142,28.56086094231708,6.892698746335923,27.703681196853992,1
64.12435108554007,29.523067951012813,7.873051296243881,18.660706009622615,1
47.53227238992057,32.174789619526926,7.135417455816643,22.156498387911142,1
97.03246241010639,18.324497124694176,9.674617997179592,15.566302157346263,1
81.20594521168104,32.936295818285345,8.517558661951634,23.002635764315755,1
86.86186748521139,20.30706933210905,8.31668918493598,19.009868005493065,1
91.12412588494362,31.77342339879916,9.39735395888899,12.943487829960478,1
72.62501038147202,17.297967504018345,8.579691986275474,0.231558664676532,1
27.20203343183031,21.22726709035146,8.15551642521745,18.456726081101355,1
46.3429685429327,24.30990313351567,8.100250492920939,12.934339694593907,1
32.01547444400381,18.35434154459184,8.585594262163161,21.426510928231885,1
61.431878479510026,25.27154405801987,8.53400982781972,30.521333206484776,1
45.712915000988595,22.8266899499105,7.140075087095758,14.003484169650116,1
48.4987793876315,24.46137344512325,8.692391293089393,13.951051649035962,1
68.76272123809045,29.022490146690636,10.0,24.004587410321726,1
98.94710453430464,15.798017891455805,7.270642110111059,0.0,1
60.6854596707732,32.35391084404547,7.624341161858796,29.89883264671175,1
5.781592324765901,33.25098803263903,7.685138689969703,1.4927822571961722,1
47.785375513408404,21.668017304491176,8.14035729704662,6.148939277661844,1
81.95684630634423,23.702838093873293,8.440679777563513,19.150149527419764,1
78.87007461297604,24.342870163224543,8.741624138997446,0.0,1
22.512020159155046,24.98018494071066,7.9114996690306825,10.501974786796122,1
65.51774578731948,15.942203095385164,8.64265051854792,7.164407859718063,1
103.17516977385567,25.411336714281976,9.30840535607852,16.75412156459238,1
5.906913985547693,28.831655844751065,9.35285909487175,16.94039829391537,1
85.35421492197361,32.48317782582475,8.295001376401336,1.623036301094003,1
68.43080318149218,23.10578799013101,9.660277332044702,24.54701817552482,1
29.784236682704055,20.558511350144872,9.193989474270742,9.417809048156265,1
82.08230395783553,23.012626118059895,9.401066764570501,4.611404726925133,1
59.72865971086122,26.821716090614395,8.467996034498423,4.9917568795580785,1
65.84807736759093,33.934639779327775,7.772206010539129,6.341938008715818,1
4.097408492658239,29.58507871087659,8.769493367979091,17.593113451799802,1
35.75249236951966,20.885806471369456,8.97503214752261,12.660638803900444,1
89.57816329895996,17.570018202323254,9.066361600386944,11.288056882893912,1
42.65855843731412,28.75102341572212,8.64203008663974,25.529081339442087,1
16.04214362078639,15.070990236304397,9.195689363187235,17.027190539018022,1
28.03145766426149,17.308715747671265,7.5716339913519,30.162028097587562,1
18.62109220929559,20.39213972675078,7.671204284924769,12.705759429091023,1
0.4463024573802157,26.69200347786588,7.43537222725337,28.216723212428214,1
24.53514190574412,23.65985516630155,9.326578416982159,18.617665340018846,1
49.5119587700539,24.924756287991155,7.991127501193638,24.12290803948848,1
88.46432759722398,26.44411847980345,8.485997115583501,21.339602627833475,1
52.49352233094047,16.641451526416574,8.910984699665143,33.14351378287109,1
22.322223334976176,30.38381643718945,7.612248534655769,16.009260291866067,1
9.92594984892736,22.866137864763477,9.475512089586722,12.548839848582292,1
67.63654588975031,32.613936502660486,10.0,11.464599548593174,1
45.30318164450862,15.589953071007518,10.0,27.229746151985243,1
55.11741131194637,34.74490128589355,8.64480946210422,19.362737602715313,1
13.432530985408235,30.133706939867675,7.083676773352283,28.64861918319476,1
76.71539776266934,27.982071138921768,7.107645308374216,8.694841186569668,1
32.87117568395402,21.604364604575512,7.103001119686765,24.1460578434134,1
56.98415270090105,22.72832475194591,8.087725364211583,19.8450973788998,1
61.0296930540911,24.144677970229075,9.645815674418177,13.499611094163498,1
92.86549603877111,30.52978377605636,7.331553870637334,28.39412459213012,1
13.071419060056153,30.905920974656357,7.554668303689542,29.807249621705466,1
82.64589442327278,28.764583776812486,9.169648394422854,7.314892461747618,1
4.900514672482748,26.700691391186858,7.578587380536774,17.82492892740746,1
30.53309451219795,33.37941483476885,8.51846311840775,25.435628799355328,1
7.921292614688718,33.90352321781326,9.77297624248167,9.232628370830907,1
71.24915079018255,30.715136185355455,8.094596409074526,14.213264063299512,1
46.52299808717333,15.958411742281045,8.409520233450266,2.7802852745110247,1
12.183028205670006,17.691416364671,10.0,15.676030386375016,1
90.46774101754418,25.217963125224134,8.052786762335597,10.553903055650082,1
44.30743761284547,16.736771015062267,9.272731890966552,11.263679343900025,1
55.49125736376248,30.39024773966512,7.238885140245609,2.151103275167571,1
74.59768422085865,26.23903926095013,6.981189306409832,34.13944586837824,1
1.1874211825537895,30.73853428648772,9.129294713949,6.395294375936434,1
20.422856900927425,16.508385243902584,8.265669084915476,0.39133838524710907,1
67.2349857789044,14.086151067038282,8.990363578395334,30.70844837635478,1
86.73892361907197,26.07721355389463,7.752807688755654,18.069513709764497,1
55.72475083910775,23.91414955914087,7.315945618301428,23.064842083239927,1
56.49665864265619,19.98402366348001,7.87711941852458,16.8332453522303,1
75.35656844098881,25.329144801707148,9.422710746367267,0.0,1
47.91156601691015,24.61065662948297,7.395056594060142,2.2735971079643216,1
81.76118666421713,18.05837256522635,8.083098802193463,10.440554322389124,1
0.0,19.268940639359727,10.0,22.533219309051816,1
100.99333111446914,27.339628556559006,7.246207064516767,14.615312991363917,1
47.11845827112723,32.73070180329406,7.32826605994274,9.351071349563423,1
13.867485169631387,24.113902353962995,9.349769432665687,19.503368340853967,1
33.46915107971694,22.45760453070024,8.321879573586115,19.682054553482644,1
85.61292163677751,35.98164871509241,9.329634102744151,9.63755531455733,1
79.06253108758385,27.02219527016288,7.699849315871761,27.964008350399,1
3.846048991019913,35.65862674125379,8.675527254410687,20.381195103257703,1
69.84604222823556,30.718071627273265,9.03563703453987,18.239044606825278,1
2.71070714773123,24.860808283819317,7.516682063772333,17.018015486782318,1
47.322927350159254,27.914226173267473,6.743733185479468,0.11458597407224502,1
77.04226285251794,17.420195790126122,7.10019626033183,0.9266552711741896,1
88.90225877219035,31.122874299209204,8.329354973607945,6.5345452286686685,1
32.894254135058596,28.815285275572165,8.99542080514842,6.1659454160203415,1
17.581070588769595,17.103590022101823,9.178767599980755,24.976410093097506,1
27.061505841700665,11.379044556305983,7.776468542527573,31.92330970275122,1
28.649011322661245,33.26835296836645,9.185572527325437,7.779651116148827,1
22.547825125035125,16.402979881834742,8.872986405426522,29.828951584070502,1
67.85470413320212,25.71777054467216,6.97255691923619,31.357101361493903,1
83.5446068927541,20.23714130604317,9.173846109259783,18.05130522808247,1
53.313246777385515,32.25351873861747,9.384793887528557,22.962967969175,1
11.388799146976016,16.09033723709521,9.686447172233095,13.834691671315479,1
43.19051669313602,23.6083169742321,8.435324827401969,14.072027171665155,1
98.78081971234012,19.602216721654706,7.318332560810348,5.248326768324058,1
81.82819276352163,27.008943477920756,7.761604849886441,17.343113189438533,1
87.89439913810462,35.38273986507683,9.222959921766495,8.145185203144923,1
65.61306662775378,22.43613102777126,9.244005309925164,22.950903040623817,1
77.87941916027431,29.666829108092752,7.6752816206492875,16.23332122057987,1
107.9558090361807,34.460266907354544,7.6442934967308425,2.980843758888184,1
8.43341375911126,32.04263670477694,9.424098374447148,0.2567974407551814,1
46.413654067724984,30.47968239066899,9.29674795637099,17.387717214990754,1
62.85491795374159,23.701273140078083,8.178388801042303,21.316963237516457,1
61.17452262896083,34.65859813217095,8.66560588107767,21.060590744094444,1
12.843388346032103,25.081792105056017,7.1380390724669125,8.720545722718125,1
75.62837719920924,31.746324333633755,7.075387266862,7.3403965355784955,1
76.83566763146894,18.002102663651435,8.924702179454162,23.363778071967786,1
60.418695089963045,19.533260000004447,8.111574620442738,22.333606641327947,1
59.14357996477683,16.780120713951433,9.372507824278713,0.0,1
76.68110869080601,17.69114989691884,9.639440861132563,8.757131615414142,1
34.02725361528492,12.149249027015012,8.128922354353879,25.118688108746987,1
97.93782236637455,23.412636981611033,8.971245769232931,22.809428093159717,1
90.46988362285224,24.42024530384773,7.872203585905026,8.442165621872158,1
68.9431512491819,11.029687675840751,8.756840310085266,9.473444318537164,1
81.70876117733735,11.19516094649436,8.834089043095599,14.30477136258627,1
61.74789246493285,17.92503361005485,8.97587322588314,13.547419965190135,1
55.15316456971939,27.32698823273903,8.861539926092247,29.53966559544814,1
22.032283050061363,31.04967544217674,7.644857959747539,0.0,1
5.68005487436674,24.462815099846736,9.76244777958361,19.222117301327003,1
74.80649214909641,26.620030494878332,8.548748829741715,1.488651951721025,1
27.249043110121193,26.91298740892134,6.742917029892852,12.01379884275069,1
61.11583514565082,26.9277913404498,9.812771896644982,29.652115626105175,1
65.32021883280746,23.355859817973514,9.378986822982895,20.759772523676034,1
15.747987767081595,19.964671044029735,9.95374578244421,14.833683234571225,1
55.03159927484316,26.29662255353303,7.835020766204602,11.469159332435286,1
35.491393108377,15.026702463107942,7.019741561486107,25.72267157360771,1
30.061068858649556,26.614802599302454,7.921072946410072,27.186945727202858,1
28.15354492573535,23.6842640170625,9.578913009915969,23.00975904288334,1
14.481873370617022,32.29968047247404,8.71303259519433,15.50236445972446,1
14.094814652950323,18.018910541420283,8.921065198972762,13.25857288067222,1
45.505771741791264,33.90002192781422,9.054798800508067,10.217511918805922,1
61.05840728230384,17.076488334981462,9.557207634137942,15.900781372284872,1
85.22907381649038,14.497114925795666,7.157855726800294,13.07408255936084,1
126.973016493458,27.961955221352813,3.1323039481992523,89.64789144758684,2
138.2576278098493,30.98942256990055,1.147765865257456,111.96567948027057,2
104.7364194126536,32.839633473606916,0.08440729244820036,85.00560143810249,2
187.00335984516448,25.82601763328549,1.3205381513724652,94.55307621901495,2
136.60107542444126,32.86718072112475,0.06767899475353864,109.14433260111947,2
197.9013344736879,29.659050392316182,2.3669033049996355,73.96768360529742,2
147.84300773449823,29.038412756563794,2.0461728686557006,117.09191502022405,2
119.36366546488034,31.226252048277775,0.16341673880078506,99.8410217608412,2
150.05014993170857,33.436719656054606,2.033758788046777,90.21973684635746,2
114.36168879505064,29.843172122596407,0.8909275917816007,89.39380193937507,2
184.35087309941107,28.89988820150175,1.0510939149777958,85.74800477931377,2
187.70740592455195,32.29927518015082,0.6031708093501766,110.42138388468865,2
159.5011091422564,27.121865760688245,2.1241264625119256,100.1104817568031,2
120.93903091646983,31.194311249168678,2.563728030462888,104.7638130984837,2
140.5144595396921,30.078176418656934,1.7605861233854692,102.92432408975172,2
110.32810152196598,28.014811136742416,3.2665100289994324,98.74245218843087,2
104.87221473026425,34.50834755550834,0.20840079691716995,93.1530018993296,2
116.83500583330716,26.37684862487702,2.2762864571266346,103.10624448895204,2
120.85411237007973,35.16383884521813,2.692632246644165,114.91456624360217,2
123.12840619416264,31.724059574399305,3.35851325455835,108.18874003391585,2
108.67527960809132,27.374918963870527,1.499715822975035,114.40995776696616,2
153.45158999602538,30.480758376819107,0.16683093113335634,104.62183611005767,2
176.6125854181067,28.341598189216224,2.0414802416595954,117.6332671542837,2
118.40899663292026,29.080457159277724,0.758867328179886,112.51832804412282,2
158.65281017216813,34.287893557137245,2.091664270564139,97.98434207688237,2
197.65508076218958,28.931298232126114,0.4882120644414489,107.68260864770596,2
182.3416084685696,26.093484623535275,2.402278917038113,116.29410455433207,2
123.43777234404568,36.16595259721788,0.0,88.51054565109962,2
130.8484335071971,32.34762349370571,2.3394213934873567,84.5364553894939,2
145.35621839172478,29.252853255765768,0.10109049793943806,112.52047796336468,2
186.73730723414857,27.16485921142685,2.520938804284918,91.44412547907186,2
197.65245973576364,30.713380309115234,1.853536079415562,84.55274773760078,2
190.85957205399166,29.109466831413165,0.5072116871377357,81.92373715883372,2
160.17291088643026,30.760179676548162,1.6341208494337653,113.50158780659338,2
114.03163202307424,34.21757739200259,0.6617301324304755,113.61366101400874,2
187.19319291305675,31.461733397187032,1.8165811252628552,93.97329838958687,2
151.47777489364634,32.83462453799835,1.8911042342768778,95.87399910228567,2
147.84581106905944,32.88610117161275,1.1628122957356386,83.71186516893164,2
168.34267182329776,34.28009706491118,0.18194243853780503,92.58614257959871,2
115.86023652772037,31.024554441678806,1.1275026056210329,113.3351037465987,2
169.78039884987277,31.461914073750712,1.025634527559876,110.26835255173472,2
146.01511323593343,33.85278767173073,2.0862636373621974,82.57907905365664,2
172.94361603611532,26.2653081521459,2.0513333514827323,86.3589179759348,2
124.75122744502683,30.666962060233413,0.6163910289294877,113.0410844459517,2
123.34600425007395,32.76135844467412,2.0999628077748613,93.84685628344657,2
126.34646415069172,28.282400810990072,0.0,87.95881153543088,2
164.61440375860164,35.53777523469815,2.5106516687362443,109.89448218589466,2
180.38279766627585,31.39253014205584,0.15512284102650786,112.7986732773794,2
164.45039612174813,33.4182758015879,0.6250862768961536,96.64195044034769,2
152.79684051452836,32.67739910605707,1.7295839946598939,95.31321059986712,2
199.8003671586582,28.01774440767757,1.035608531725805,86.0677508189604,2
174.1876473178967,34.10327973201242,1.4097324830580398,113.46230532328147,2
122.04227542684713,32.89100008708048,2.287990654908068,115.41389647237582,2
95.22157647790792,35.81316418537578,1.869169904618411,96.47632430155565,2
184.3445127372937,28.634484221517287,2.875282745139521,88.8061446245337,2
159.70561961530538,31.120930284982954,0.4090178755391012,90.53001691051026,2
106.30359067595184,29.850236498757457,1.022169777925267,98.04443192839344,2
128.9330115490001,27.923404951636186,2.1018529147993332,83.30818803534574,2
206.5049643671724,38.29938272965269,2.13856276681263,106.874062467736,2
200.76983106704577,29.22181508567949,0.1583799995061575,89.33720548007527,2
178.55058252378146,26.792356457235858,1.9152029407442215,120.0,2
185.03792437109738,30.43805520684267,0.0,115.83444125983077,2
164.87575838773122,28.163644371789008,0.1514098155763119,118.08989290892205,2
175.43588934339803,34.328857545950456,3.1535832301892603,106.1300362155504,2
143.55448988832404,29.356683608757972,0.7207195267532677,98.3839479881311,2
168.4560882462422,30.412105659619485,2.496418380616582,90.25676907698146,2
157.59878384410348,31.151240855594512,1.640703085383984,106.60793406900954,2
126.65703475334995,23.782786303701798,0.0,98.97195718753606,2
151.25107481466443,31.94344427405001,2.1891089248901348,101.60326864163935,2
179.70824889257523,29.08570843473131,1.8331361745719101,82.16687112964011,2
119.44067044235815,31.803870928617155,1.4582378922440378,78.69144087838613,2
102.42169044048738,27.80683121953657,2.8988465521415563,98.60564806972734,2
152.49417678771897,24.583050288314006,1.7888766446429387,96.27180599289302,2
116.5582764790165,30.065965976203554,0.029429658736378754,77.65495462054682,2
111.81444158824259,23.274971454883204,0.6309297038573034,93.99631997471732,2
180.98388668777818,31.667301265117942,1.4808693220904843,89.69807078503273,2
197.141250384375,29.552045141050886,0.08905352726113361,106.5274945618062,2
110.77355368705376,30.367910690233458,1.4378981706870007,116.49795021913403,2
147.0654161030994,30.440824076927516,3.1522545449242436,87.69468151075905,2
126.67634139122242,29.01377694843276,1.689092599179469,97.4365983537455,2
188.90818644365157,29.410282853815296,1.6352725205213579,101.18112733367668,2
175.63880286242863,35.95359467869932,2.4932749837593446,76.9788329126267,2
160.06673363338854,26.54909617530125,0.8743288935819534,77.24917795060132,2
162.98594482000783,32.85750917698121,0.04568951217906847,94.1742847196948,2
147.2320436024367,28.69376828032305,0.3692001516194546,92.0539468108182,2
175.95810381067594,26.53962242691014,0.0,89.7134648634214,2
189.1968287526256,34.89440468384633,1.5052947788958746,91.4728556709207,2
158.4585633101755,24.531123326193406,2.0183120615963035,113.7649111867546,2
150.37202160226764,34.01427630208362,2.0567567439990464,81.95848235029743,2
191.13771404801113,23.49218584519493,1.662586539929657,87.24014180307454,2
108.31494961215824,27.483820678079724,0.8797536298599637,97.9214525686481,2
150.34932801324456,25.63301730927609,0.07608987077209772,101.80715213339957,2
131.38709695067703,34.4996019688983,1.9432986551865181,116.50687284309907,2
170.89481656047315,28.786749125398337,1.6489694756788404,88.71627939587246,2
136.8955630499587,32.41801854058368,1.7565502566051667,111.14157592461994,2
180.0011142853271,32.76185288760409,2.343114604065633,98.3366887788106,2
128.4254301857844,29.75247412425249,1.0547816890223083,98.21826327014865,2
160.71397055230204,32.473993096339015,0.8109771846461895,79.51969154109837,2
143.5701244927613,23.4314261504618,2.841417457559664,94.87345041590746,2
125.6563549230511,27.816356752390963,1.8380377474750018,106.95213553989042,2
135.44720896795255,24.38627429221759,1.073286668799333,98.64136020709297,2
167.60066907758235,32.50159946540319,1.3497416481080862,89.18998679780003,2
200.4140081693941,27.000019017173397,2.073651884843977,88.08133785490871,2
148.50350994619677,26.613047459787094,1.6713586875121402,117.97427835395017,2
134.35559943727938,26.73384934137811,0.0,96.41115206263004,2
120.11889322470793,26.00192510729365,1.8471957586722785,103.34269088052423,2
130.05328481282422,32.01197478656522,0.3805792692136169,111.86477470383586,2
131.48473799740358,34.38313310228296,1.7131747227899652,114.30914316237454,2
193.52448618465516,25.51794200871868,3.071336857958962,101.98603598632891,2
145.06873013336602,27.898344532352684,1.6002502862439907,87.0119043847675,2
158.69466226246666,32.4758743260107,2.347228039584999,118.29771736720197,2
141.27953084440588,29.61673634765642,0.2909899329689104,85.89731701960655,2
110.77388248831218,28.454845673428,1.3772741582766268,118.56055295216514,2
153.28302843307836,26.52315723845939,1.6921302074714784,85.66844216099359,2
140.4943574576651,32.55351863855903,1.6759695864791138,89.41837878809666,2
195.5863233025684,33.84191009688532,1.6193903734124322,99.2705609637407,2
153.21070521701793,22.372489881763485,1.2778162004581581,78.287756077484,2
149.9123156507737,31.995505492209666,0.29239577925220517,120.0,2
181.78973670203243,32.17296668681967,1.735780237773989,117.41522570295956,2
106.92301522601748,35.310000438714994,0.26767021658479506,112.74053583009582,2
117.19881677974304,31.580364772496278,2.840883432656864,88.42414746677174,2
145.8372120425849,28.456466155234846,1.659614516958469,114.04945266241648,2
158.12154991177263,29.31146679588639,0.48758857321152654,91.73471865206211,2
174.5463380718379,29.448532421594223,1.3284788674184145,99.71938452794349,2
152.51501444996026,30.27442820103262,3.079415315076318,96.47696048523295,2
176.89072344344711,30.688278854813962,2.350053296730744,117.44510784469009,2
122.36930087057314,31.603077590536017,2.5204612004678215,99.61934409825922,2
181.94412576216362,33.31968082364654,0.364713616234394,114.07499406960368,2
146.41369714462292,31.566242842794754,1.8476860923220868,119.98459840079768,2
97.48536601235529,28.467115028441405,2.645839805718572,105.51183088578112,2
170.1585568675662,22.163745496374904,0.37402026502546704,91.05187225249595,2
186.9601109545308,27.447082230553722,0.6605012050024169,120.0,2
103.8171575133108,34.44699943624757,1.5428006865035686,112.87313933421564,2
127.3998705435369,24.343396299333858,1.4616370845235753,112.00410963156766,2
175.33360804713155,26.199221201995602,2.3495223827062524,113.42708448173201,2
164.6507256943544,33.18969587124714,2.579613657877434,102.72238032724007,2
108.89987232044155,29.576044194164496,0.14749692269215478,95.70111747839611,2
139.08259365182025,23.13208610550769,1.0146033748965122,88.63760780186607,2
180.00184497149525,35.44924984276859,1.146439255995193,120.0,2
153.3181266990454,24.096913268893893,0.15313368441906022,104.74216535362768,2
174.48476095116513,27.97014985809858,0.3037153427669438,82.06969608391441,2
135.2079341283138,29.431265929882567,0.5023435232839792,94.93228867130195,2
173.40556156053242,35.30632108058926,1.3038778560948803,113.39758160199385,2
124.14821460226965,29.649579133289844,0.6066168909313139,102.89833306286758,2
191.81169805637848,28.244033950923644,0.9502867075217276,98.86133028174805,2
113.0893803805594,32.47076892130583,2.0549214119996067,102.99259428728126,2
154.12254126789247,30.722345132521017,0.5684829076348408,104.71274930170786,2
126.76124035270844,28.947738387917674,2.5086283773723594,111.77874256285963,2
155.42366548455172,28.723641607061044,0.0,108.28287299034058,2
117.29841697748117,31.27161490453283,0.7445195118067792,87.43863026497814,2
166.2306476102821,28.39793107680747,3.056843971700125,91.57657082829265,2
104.06746252840708,29.272421887055195,0.07135722559089694,87.13233164153712,2
165.72833537139732,27.139872924850856,2.8489807486841046,81.47778459890151,2
126.78334463466518,28.580920420345777,1.3813931697737005,79.77450544820985,2
131.7409006929968,29.02283534607248,2.5938248812384574,90.02169952745925,2
179.3815990613424,32.31082461865238,1.048905769169143,110.07705841029744,2
131.40931336154446,35.25547539831702,0.0,103.20889632353689,2
140.41587178301998,28.380983218077052,2.103384598828489,108.68987117453467,2
98.52224101696608,29.310358907039653,1.8947113510558915,100.76180842881948,2
195.98610578149354,30.86150660582799,2.9051632587603216,103.65818288752713,2
127.81682239587131,27.308861817632227,1.9705254881579974,105.7588621106382,2
98.89844844821683,28.041489732416714,2.790828184311798,98.3852251401289,2
141.27341829131478,29.26038509557361,0.6367638884858071,100.72439674246974,2
138.32779936162132,25.155842415556304,2.383280959867044,102.1618669142283,2
181.99352353102967,31.812133802210727,0.3015355078902499,103.69037189855169,2
148.14068556929425,33.77336944740151,1.006295322157768,108.78394086761222,2
157.42463622300107,27.827718331474685,0.23073427553392645,108.31343808972942,2
179.71833538681386,28.63875393444696,1.4321569739309679,94.01279973038692,2
165.43982164548788,27.161163040326255,2.637937981919484,87.00975924912858,2
139.2164002610489,27.17690862002797,0.34484922967176723,100.59758076056895,2
132.66872313759697,35.20181948951668,0.09225699591638946,94.6452249224351,2
136.13909514065375,23.092029665520407,0.7817449181070544,95.23841350583355,2
148.27383730942051,30.780442473730233,1.5218783842155237,105.13221760072072,2
98.35089687946866,27.26827874031533,2.8546118353521335,98.50910238416515,2
172.9346650011266,29.2943503554443,1.9910188200883596,107.46086663230717,2
145.01473013910552,35.99961580219787,0.6228166951543292,81.00515550663273,2
172.1651998738114,29.248921590323818,0.41591440658515977,91.78122359605088,2
99.76744750920429,28.119044600864466,2.1934173035677658,97.18848627680299,2
140.99782810438882,27.780400722342673,0.0,94.77629293558269,2
166.54471234399753,33.22441392229282,2.974506139468225,75.63235517249294,2
185.0158316749327,35.53368879438427,1.972824381376124,96.58548998399593,2
138.24899076852574,26.72179900705709,0.019701174052185633,88.35538893115515,2
121.58874777732099,28.228016838865916,2.349836573112883,97.04372199796208,2
102.23549998354838,34.72928788989223,2.469205578697331,109.71240030528276,2
204.02723794920595,31.81600282059946,2.4402521172836753,88.63742507159436,2
129.70935917981961,26.970515508047402,0.0,83.07946568859035,2
170.28526843527155,35.145959648811555,1.9511942841327727,93.20217355094412,2
185.2535254442702,32.421498395565465,1.0009412449630901,108.27659216063567,2
131.44480627730178,24.095499445479245,3.63063855713797,91.8963456387928,2
144.6841292556674,32.84247744694613,1.8248575311133206,83.91685010675111,2
113.9806008325015,23.95473170901577,1.6163300636588138,105.4967202641726,2
106.26172601760399,35.538063117426546,1.419361280751239,86.69495275272124,2
147.43704508013676,26.546569214602854,0.30165805046224015,87.62689884510652,2
183.1648233266151,34.69466812146206,1.4986704244612914,95.04804149866301,2
110.87030957320749,27.719549987989982,1.5203245804264263,88.4638480572108,2
99.46211878195561,33.73425024835362,2.650001070495751,106.54840158543186,2
183.55096248554037,29.782906736008744,2.467403411000525,87.94404589609296,2
194.38648493502063,39.635501045284755,1.5957039954154142,120.0,2
149.97503194574793,29.33691112093771,0.6439154066157036,104.19665958702578,2
110.2649024114935,33.121058839115705,2.788112804444366,86.72624961442328,2
175.63955997012528,34.34036798672496,2.740810684742696,116.550942830167,2
151.16901211626208,34.49002757318114,2.0824995131583615,89.16239256313318,2
145.4302637872376,31.231720865710237,1.1150426866133984,103.14710902224135,2
162.71335537606356,24.974773454656575,2.063665000240709,116.40426420094205,2
149.85434152619143,23.74700296836208,0.0,100.08125300194357,2
191.54135895033806,24.58565586735012,1.3649147326574724,89.6532872237182,2
130.30770955456154,33.32867799464479,2.0165727943933245,83.7814258282985,2
139.22789399024163,21.922362481999873,1.2627240216339086,109.58933989276741,2
113.44788571372993,28.27068243737908,0.9963693878230533,120.0,2
207.59358788475785,25.376451773871477,2.0737080993167027,92.45098746291548,2
139.94525478714365,32.8365203302436,2.559240427718784,116.45747838069182,2
162.69284967838772,27.526948452965044,2.24668477280701,86.07301302644213,2
149.45629325758446,34.73950535560974,1.7792308914789612,90.84315133074244,2
119.94810176995144,36.902622667115,0.3679078014362883,102.23819995976794,2
116.59843670144555,22.900214633087227,0.2161670696457375,82.95909397064928,2
179.29241081294055,28.29052361462406,2.5781839855711404,101.89929500511927,2
139.96456193958142,29.584876060819898,1.9314147534809134,106.30928839754895,2
134.2091032693531,26.501544462588196,2.388264217047568,115.16186109528469,2
194.00590189199568,26.514335797325266,1.8557563248760438,100.70648051272285,2
150.96900882488222,27.911234472091348,1.887624331185065,85.24498971009909,2
125.49296710726973,32.1875415460602,0.3760049873082637,81.94385353884041,2
105.91935600434195,36.34349725308149,1.6171487551127202,91.49454768883878,2
182.5963581453005,35.34582370816604,0.2754725190166547,108.30569292812581,2
177.98996273308165,34.29433563908245,0.8725220068452184,114.90250338114834,2
144.69048735619717,26.119950731551832,1.4773725787252026,79.31596586585681,2
108.3350908821424,33.60619872654263,0.0,96.09559024624426,2
151.93062928781526,26.811252633294327,2.475601351763113,89.58589789149721,2
133.10132651121404,27.091068772342343,1.1929297575813078,77.61434843672443,2
161.9538403032999,33.1249110832071,0.4516664788057476,102.09310004013156,2
173.37901281847223,36.70329512245719,1.0176321364210403,97.53395952367762,2
133.24475725169788,32.58120508244924,1.7705227712721232,85.36474059613329,2
141.34216075835758,35.29133746891498,2.314847097403751,119.10405580093837,2
178.88911388939525,27.287799986623366,1.7035976175331873,109.47308937495374,2
110.75843822575642,28.006400657994263,2.342610414448674,97.28001772275387,2
174.06346920904605,29.698828256156897,2.4369418286374414,77.96343257860906,2
116.99260306993015,30.76749601821825,0.43359369894560923,109.92644820402921,2
173.9352644668861,23.896719627030045,1.6768521830532461,98.2329653677599,2
141.93623614759693,34.30955900839596,2.784537980987783,106.27200436265534,2
178.3999362111219,26.24015106199419,2.2916378579543624,105.62318102711103,2
176.45085167707055,31.37681419293371,1.1466689939164953,108.90587125126636,2
121.67076440965788,29.79524201900263,1.0180939152555746,119.01714465021163,2
187.5519206167225,33.21927965645838,2.5087118865685643,98.05940371495814,2
191.92847297704802,29.178833998049882,1.1204870211543985,89.36183617679924,2
177.9702637583377,30.308910702602013,0.3963817403260197,81.1727453664693,2
192.24508040093272,23.059372731488715,2.0655091241923413,120.0,2
139.05334278586096,26.6031975580769,2.432656175731526,111.28655984478473,2
162.716925561334,35.95938973585205,0.0,99.09021212954588,2
170.2352539597947,35.48289609418044,0.4213773450511345,112.86283098604925,2
161.89786811732992,27.972473348935694,0.3423050346719872,111.11967845913902,2
108.69324577048384,25.790893740121426,0.0002824319267661357,113.78259006439416,2
270.199820426713,28.50250124764639,5.002340070216241,16.167382446574607,3
253.49074763463676,26.681233826631008,5.541761416993368,0.0,3
260.32565594625834,19.481852713474886,5.249437959896552,2.299467149433422,3
231.77033016426887,26.180137215397643,5.216574557254758,14.039478738503075,3
278.31726400200785,25.699504712870233,4.513992117527725,21.45317901506191,3
224.35112526630311,24.64361742049553,5.4927046031722275,13.46381287995201,3
198.16348581237958,21.19537246790269,5.8184198839323145,22.458408883139622,3
266.68869104504597,26.745614671317718,4.12992975016309,8.692016803518923,3
274.6568031924459,23.139043557106646,4.795060762594066,5.02433954695707,3
245.94349089722309,29.05242007789078,3.572972702181259,23.242538709484904,3
222.68444105804346,32.408993634070875,4.420374135537696,17.36080789662917,3
273.49142257709815,29.631034859310866,4.515743848321403,10.301169498597234,3
249.03875442925838,25.97022829587334,4.786350976000591,15.263310246018747,3
227.97454932943717,23.48510290203521,5.361901989747922,27.1635807421552,3
258.631587525903,21.944578070261688,4.344404358063167,29.839754767968,3
221.67124223521924,23.749044437486937,5.22268581844818,16.55791764654057,3
263.53718441028803,23.568808152713363,3.5045082398866514,22.853399790739005,3
223.40736984205458,25.75779466494505,5.155040990738818,14.33555515285142,3
236.09226340277218,21.813876864584934,5.397053366688821,26.046147251902507,3
296.9857910126738,21.536167951585057,4.359653970403393,24.948886056984627,3
267.7566772253162,26.248815404405292,4.7595622398623885,17.425743738541453,3
270.97523137380256,26.514601023741342,4.9372857506445476,0.0,3
261.6502615390716,24.724109628256596,4.6104979250749825,26.380368685008538,3
247.54368856118262,24.015508364313703,4.138261970182312,22.73331085999044,3
302.13821528096463,24.087895212318397,4.0475151016113555,13.749925421898745,3
213.06678157669413,29.72859193416863,5.134884107897086,12.991635917322723,3
226.1715941886199,23.424503958405147,5.948928201386898,2.908516766623083,3
260.88695897558694,27.21969850461741,5.407900514705138,8.702488179468357,3
277.65279684134345,20.92021031713042,4.766651052048264,30.66379127338856,3
267.2084280852584,22.59743627699082,4.02257133849685,5.052616702849516,3
225.3334361676125,24.440963988338748,4.498422139592268,12.479310562322084,3
269.41050373483534,23.267175800808346,6.015193010504484,0.0,3
297.04483661130934,29.5594431653586,5.21391713037813,23.402571999135766,3
299.42216169153005,25.03128395385048,4.631984574206382,21.39781791848357,3
271.30327793318855,27.544839074576455,5.043231031739948,5.953723696793744,3
225.1597720056656,27.75132228269394,4.705567665040379,19.030873801931406,3
224.824247713097,27.18076333740746,5.9385573698619,14.611315826156762,3
283.3060713353203,26.623577870481704,5.51057540036352,10.700943900278428,3
273.234232543098,22.796471009087437,4.704753063828837,13.964113867490237,3
295.7689933859455,17.970842252265747,5.9992614307705825,11.465845284732836,3
242.9919789412654,19.447788025794395,4.102063133631867,13.97558369919075,3
199.22245405364498,25.77996258601426,5.405794413781962,5.269396485035724,3
279.0205444156728,24.57712222165237,5.351326647725301,3.809752895873183,3
211.7778172039627,24.11089179224875,4.148599474677971,9.08290404515573,3
277.34242216579906,30.39674556279678,5.413279324655092,16.159105057919852,3
213.89572238288284,24.831012514465314,4.862492081436503,5.493343659369104,3
248.59732445820254,26.0092489500176,4.873040244607005,7.619390878785974,3
279.798633553665,25.114331022774874,4.873033384641696,22.150798757730286,3
294.8167806671827,22.876028358006607,4.671908966980429,15.452607305424172,3
292.9145716432586,30.883373811240446,4.385910005560682,17.20018965165337,3
260.92128785262696,24.92827886846611,4.254031044964788,33.76521880200467,3
268.62615914840393,29.38526448576553,6.333674165724923,22.742142971230937,3
240.2629014304291,25.46797091966198,4.07696708120289,23.559406349449795,3
227.37752899970698,24.879872208017876,5.090785550345431,4.222822918292211,3
216.77499067189686,19.773233224098483,5.447945619833884,23.46868105605601,3
255.33753337117042,22.231722896619143,3.7544554081507573,0.0,3
213.53368515929827,27.59717991090858,4.893497488549944,11.213370592784276,3
212.35012658685594,21.752190557768365,5.076219558078898,19.845016606688862,3
226.0907813723371,18.698395108279207,5.037402967768869,5.2907219411610305,3
212.50714586249944,31.837117862262744,5.599757747414226,16.473870395483914,3
251.6538859046354,23.700531819125374,5.183196673919669,20.71760385409075,3
276.6678319227957,24.62245016730686,4.82255325070941,14.837952803014634,3
285.0667200462085,29.37168491326558,5.357722146132739,0.2637427504844796,3
255.05244023006188,21.009947127358846,4.674639803367882,4.1306323186070015,3
270.9451727714547,20.045623673266824,4.989476091958577,32.60625973572145,3
220.865126836969,20.906254884121115,4.192424150194606,4.035901689129704,3
281.05415610009743,17.746384917092414,5.082604557056863,20.867885994834616,3
263.8005326424292,24.138646643281437,4.314969019501921,0.3726588202875837,3
274.8755711820208,28.113505248398795,6.1682282975680565,25.604643578078896,3
291.5691452757473,25.08259577424929,4.85418299604046,26.753454577849876,3
247.96992732856873,22.61363101221832,5.781905362877738,31.15756289176321,3
241.3826981194673,16.31615525522762,4.9215451778389285,18.25132104522944,3
296.9902171181851,19.638794566541435,3.8344149681875273,22.374189672835627,3
247.14356671532897,27.191769195568206,6.423108631259934,5.925274141634629,3
280.59208441776997,21.314602450513842,5.348348982458072,23.28376828849699,3
237.72975310936545,29.67741298165831,5.23599262305767,7.6197022113043715,3
223.22554265622668,24.634890060061863,5.222187618091193,0.0,3
226.5469264267324,27.91398080966388,5.274731044875849,18.036834437015912,3
273.64231130481147,19.64155189169447,4.196200729293579,15.643420801724222,3
245.65793532714085,20.1918743619996,5.621266709482322,29.457570016907553,3
264.459145273481,21.04982709522533,5.663512410575539,17.4440994759992,3
274.322922865703,32.30168919450639,5.4878081395427385,15.366390366850592,3
205.5865366295152,22.512862204958836,5.402278027214487,24.03182564147611,3
214.63178190156094,23.31619802858051,5.872735879060682,25.386369461361834,3
280.9454100139466,27.35754871412108,4.894818579393287,22.461646580500126,3
292.66828966653753,26.92161099748776,5.420420553892291,7.915167311830732,3
237.06670678032867,25.84922601159154,4.8009438693891875,4.175088763363479,3
231.52496872835735,22.317076218211433,4.48126606934991,11.851924871172026,3
280.3947922890724,26.493417626318173,4.7216351926091535,4.616245047753049,3
268.0141254911093,30.05380804645156,5.278440755121633,18.203155874304247,3
287.84103583315954,24.335532772988632,5.525102971561672,7.906539644729888,3
295.7100874022081,24.667611619272726,4.297939388431652,9.281647162042622,3
214.77519048233967,26.09889022489187,4.103206818525929,20.2146532247558,3
226.30748524784033,25.71286123117098,5.440600206959742,18.007714407228992,3
276.17521745330043,18.28593771166249,3.8941518388967644,23.112701804288406,3
239.19787310865217,23.6632818806306,3.89789943996444,7.0861213046963,3
196.53334857104227,30.257515889655966,4.422548273223704,18.842488219783384,3
206.86076843534968,24.120009674902988,4.897201037407603,29.268370685794462,3
275.2898607353897,25.349871485718662,5.705574079769225,34.708475388320835,3
279.39214365057575,29.424263119720965,4.0223297601873025,21.3614329085963,3
204.28422218447906,19.48071272427462,6.339805578015129,13.838892470608215,3
277.98502533524083,27.78359125559247,5.464919501929947,34.25985987956341,3
224.26280278907115,23.600151883879064,4.8047669078577835,4.776557049316247,3
195.21477364692407,25.07136389842659,5.701437454232686,17.081975997862646,3
226.35283329195033,26.56098736472349,4.523919486138456,3.049894631697554,3
277.4287386913798,25.762064214718123,5.852859113258362,3.3643833549290356,3
283.31662607374244,26.348480141266354,5.270491644443108,17.811222733221165,3
283.54770413865765,24.845837949704464,4.903507885867226,30.934844938397777,3
273.2688477592969,20.213439043073322,6.068362652263354,11.571624750399872,3
226.36838623414636,30.052874589947056,5.914664235229372,25.312386875083714,3
231.60206494620297,25.587424660615753,4.379069729153271,33.74031550909555,3
297.67133456664817,27.291383827319546,5.898005746271617,21.618602566101266,3
270.1655048443495,20.417664470135158,4.9843639688843435,26.38971383811887,3
260.63474820394885,22.26099258277466,6.003152431197859,0.14423415650393157,3
240.77673096368278,26.536990803610685,6.141926811363824,17.788832384534366,3
231.44676966917908,18.363276162477597,5.1893442251769075,18.076979994255748,3
214.5423857224536,31.605564451812242,4.815015715262095,23.44496104098133,3
282.14552033830194,19.22826028892444,4.073263289597413,24.571485709680157,3
257.063960624606,24.93246312852686,5.997764730651597,25.015746307277272,3
294.7930139890449,24.478832379748383,4.525031056262691,8.67482461905946,3
223.36179484490216,28.30222377852498,3.9643582812090057,24.16840117470085,3
262.32972272080036,25.95741980360641,4.533714740567976,2.527194540200939,3
207.48549409673373,21.761079849471052,3.6789538684766896,14.1130906847491,3
281.0161652850025,31.3378248867019,5.190641416006773,4.741321693319945,3
280.54391445312285,30.322935606703044,4.544057078744704,23.62553456037789,3
214.45656159528517,29.103273037962204,5.727251140741526,0.0,3
285.6896824736794,27.657773818328263,5.51871726529524,18.76635341287825,3
289.52230898906566,25.412664487147676,4.691359248671196,5.68230516524997,3
300.11904592664894,32.53992886279059,5.963857887876492,23.424696948001923,3
207.40278229721793,22.482545239126743,3.63357774653302,3.526679316954897,3
222.82507628517695,27.938842096098092,4.783194054399081,0.0,3
213.30468119653375,22.239092015038707,6.191345456946094,20.43100111990981,3
297.7999409389651,25.395596497354585,4.842962493972302,26.2479613459928,3
236.45478320151776,19.609292073766824,4.830556048877169,2.6486845199024898,3
217.56687216462424,23.212425953962484,6.008592593689346,3.2593369974314497,3
222.54893240572105,26.464589222243635,4.187016232581825,5.712351440830414,3
291.1280665405874,23.205370741221046,4.198345145259737,16.93006561614604,3
228.1664496830368,27.77624464564415,5.482678250992542,2.449126960797246,3
261.5734115160314,20.906114901866015,4.288750625453143,18.756463612718186,3
241.43731400843993,24.834273457431582,4.624406655245017,13.508898212229534,3
230.12463283934756,30.467535121442047,3.7104531088155355,8.743572684873048,3
247.80967766317042,26.876702838364295,4.890260248530749,16.557117120606083,3
274.0146431468686,30.080157026586615,5.04090527439631,19.044064567927368,3
284.9170636569303,30.59684224490473,6.085049574158154,12.340994351236391,3
221.81800984677656,25.57724583797114,5.374343409626961,17.927219247259206,3
249.29229803271755,27.839674254681412,4.979128158470589,26.767814950856923,3
235.58200349662806,20.849169448511976,5.010344575147007,23.302380664673702,3
213.6320116430267,19.72113186387012,6.352972034026481,0.08671696544042096,3
264.08371148669363,27.21184969553001,5.001601802248522,18.53125736702105,3
225.22585140233448,25.565539188805246,5.052036144655569,19.76786482766444,3
218.93229028267416,25.43174967918031,5.163144283914433,14.218613488268813,3
220.68592018229518,20.980597714043466,5.830851649635574,10.632096926122742,3
296.4618793835635,29.088887562490406,5.157319389612648,8.898217225100378,3
238.85116352904078,30.071146222458417,4.951515552960435,4.403129666767847,3
250.92393744438263,27.780720351224296,5.482268516825839,3.119784523062159,3
268.8690664652411,19.522913207753334,5.152805380761764,26.573525847605108,3
220.00841195682148,24.119777016260457,4.0553280928313935,26.82874196255823,3
276.0950799464895,25.863536023177346,5.41865153181003,1.7439903134227084,3
246.7790009952194,23.574985604553362,3.9368463510080227,13.430752426668958,3
293.5601864011642,23.615747803305965,4.9120878844695195,5.608927105139588,3
217.868503041184,29.04322440409274,5.196294332316902,18.80584188588992,3
281.3274931014426,22.123289386286707,4.825324396775874,6.6573348474588565,3
262.551100446168,27.637730049907734,5.711833191700821,15.553426352670947,3
279.23166304935023,21.267744728422883,3.608360582154063,3.3230654690500434,3
226.35323162918007,26.324859665012802,5.285749453604346,23.20193395462381,3
250.26087805963863,21.902008978574806,4.236312925268972,4.587172969802106,3
252.88627762233142,24.783476318714865,6.190559732828364,7.016081749058499,3
203.06286849697005,24.69196982459087,4.243711472685908,5.251987307308694,3
270.6442453789851,21.198504910747353,4.833133211374847,10.833598347643406,3
207.31232073177716,25.87183302650966,5.334263164168394,17.942342312349385,3
273.13523022959976,21.92373999768855,5.144572289235683,8.784171258032915,3
266.2112174335457,28.61395934512285,6.2592866417510695,11.150243410889944,3
209.7848240073143,18.204375824324455,6.1183089104527175,16.770848261806993,3
274.0334068104397,22.61610513455184,4.786232464411116,4.6335235513774595,3
304.54260582427406,26.84761263978803,6.232798659224157,5.626766247091819,3
251.58815836930728,24.646490695416215,4.675286914689248,23.487611302874758,3
301.2719837790379,30.761141181142737,5.449600457568516,7.397060347954899,3
227.04000935617265,34.28294981616602,3.9206577061552554,15.167750800968337,3
274.922540617244,26.192883260530312,5.887100394760462,9.770618298164399,3
234.3961937996185,21.799436206013088,4.4212558061947655,2.173069675192364,3
240.03644789789178,28.514754854186933,5.950245456137194,5.7311700989534256,3
235.31408333258256,27.85913628133959,4.111516748314233,5.366685111747105,3
210.78599679473388,22.310607785664715,4.524552759235357,27.611662061590497,3
251.77397416220734,23.603632637310934,4.521374280542396,19.16015518360262,3
265.6239600342904,24.727854607636964,5.458925054949098,12.955230682567187,3
291.5437698675068,31.58228262917933,5.252738320394962,5.2419476953093165,3
206.8615557921889,21.89425338410825,5.3486931588734326,14.361335835697137,3
235.080849719459,28.154030224201797,6.012596865508526,22.127158176675504,3
234.365262139699,28.688865776968232,4.200264665223581,13.850677889355092,3
215.51377195242247,21.177574002924167,4.886157365663865,24.73723927514015,3
211.32826256904934,25.81553039793984,5.132822713837456,6.00590821381288,3
249.6433532802039,23.135565236267468,4.976744475391133,8.794056101305276,3
208.9394436006532,23.223368728403926,4.91703447267186,26.41233691560408,3
230.50158344166638,28.333371162563807,5.386505964509398,27.56442681211455,3
288.8534661919798,26.162702874086396,4.974034690980427,27.259530583140037,3
244.38283440161746,23.42418252904981,4.126599281845211,23.903143757072048,3
279.78487215370035,21.845016892055064,4.88510845016764,15.819126875351902,3
213.0865268434756,30.208988080865744,4.748247882836676,0.8541359047270953,3
258.0135254220087,25.328722221776456,4.766235215710864,13.95663681008925,3
260.01210452428535,21.124808532016786,4.086820713382179,16.59114443253349,3
228.633998462358,27.235779968677654,5.797742817680504,22.404583235290055,3
227.12629435571566,29.859401413781416,4.6444451681185095,11.486875752086808,3
210.76510341764566,19.566356695619543,5.696308764032647,10.799969142172932,3
218.76530517938104,31.21846630881805,4.126138713774658,17.81903369508008,3
243.7148206207535,28.155733498614765,5.785568349061872,18.262736888245854,3
227.42960388478465,20.817118833067767,5.34953236126963,6.99913839812436,3
229.05414802624858,20.57852299739922,4.871290865039306,17.647731743131608,3
282.2274931205308,23.251104455736417,4.452674964792608,22.952003466752267,3
281.14886733577094,27.19283865209273,5.164953187842088,14.358161131675244,3
283.8054369860165,20.007532857538365,5.616404739671064,19.420535715465657,3
250.88324168178465,17.16173465979768,5.116781661443565,9.710964193561894,3
210.92284854237784,28.197770057868535,5.8390724062578725,18.927379683121618,3
268.43709591752724,17.923307113860865,4.800992280094331,2.1833853660639684,3
260.59302872470664,28.51251069912658,5.367882237163316,0.0,3
240.2555785708728,24.991392823386526,4.57786811076885,23.575800762143796,3
282.505117228002,25.979043294432,4.8100260243276765,7.52627161634832,3
212.1258150883185,24.927305749014213,5.285445403721763,24.301228146856772,3
260.33838548552956,19.333812831839793,4.557090195112502,0.0,3
211.27750008366692,27.725562993038942,4.435373476414669,12.644728253914902,3
225.8139906684084,28.764761450885963,5.563510316596405,8.81612987526757,3
246.56672354282142,27.61405951206873,5.671389521130455,7.193725852337956,3
296.89921847322097,29.53869549109075,5.396324707536967,22.992026214157896,3
261.76675944906646,24.904117882283387,5.595384034659105,15.715784561252384,3
267.755246803547,25.97225805777143,5.298770671256216,24.180491201578636,3
219.99545146143126,29.114565387044216,5.641174029329516,27.11696591374676,3
249.48963274379474,24.697575900848786,5.840563727184395,7.833019471306088,3
283.8671697272189,21.675759391601087,4.787531062691966,8.082822229843108,3
255.36300479429386,23.352567361093474,3.7343909751797915,9.708390279089821,3
200.358302098048,30.742562966571786,6.258465907366745,9.897074044519215,3
274.5268730751252,24.91594337324515,5.170831121946696,22.329369835321394,3
299.13214290357286,22.61742121002913,5.579744605750224,6.393871453666723,3
299.0543796743356,18.93961743786622,5.493798436535986,23.844386930039036,3
271.89898719752864,20.055674437323695,5.731782061367012,0.0,3
270.4671389853388,23.299588591013535,4.600654185420494,17.580552756132555,3
243.62588991778156,23.67001811961348,4.3369022818949405,12.647159087484656,3
277.28656210757396,28.16472625389468,4.373252677973594,6.750505849067671,3
202.43000224683732,21.981849433580077,5.500660665941011,19.00266359640564,3
203.14826069734332,22.58508794925983,3.981381387912588,26.47567214632671,3
299.410938251006,21.106023813622034,4.482045145979551,27.821203412480223,3
292.17225863921414,23.773505368432165,3.989711241081102,0.0,3
254.82107323232734,25.422173818136105,3.614021133079475,21.596740004940017,3
202.34790467983396,28.52487521506687,4.690145902626182,0.0,3
258.5332034523308,28.52849499962582,6.515258354964219,18.385663115370598,3
233.16281935687033,25.3899393603451,4.277868262878104,29.35052008427381,3
237.9027513920325,26.534889031822,3.8692372947676468,10.153545881709045,3
279.50173754074865,26.998086034010395,4.1874187862139305,8.763751987371531,3
286.68136241612007,27.565410227715965,4.4080993761629435,12.345279460049683,3
232.65977252169188,28.68515028050445,4.301595465618969,0.11964673872664999,3
277.87951717701094,20.78764344862623,4.937509453703641,16.766436816974938,3
231.05306436791085,29.78207026330942,4.784475455368777,2.515885862602774,3
